"customer_id","txn_id","txn_dts","order_id","amount"
"6311","6890","2021-11-05 04:04:21","4242","876.47"
"5866","9558","2023-08-28 07:08:54","3578","824.21"
"4104","8725","2023-04-05 10:45:09","9861","241.15"
"7735","9171","2021-12-21 22:35:44","5796","659.38"
"7815","7253","2023-08-07 19:56:07","8541","408.01"
"6534","18","2023-01-22 23:58:39","8086","535.13"
"9298","3632","2022-04-08 01:30:44","2334","871.15"
"8322","8016","2021-12-28 10:22:29","4938","841.85"
"8852","3329","2023-06-17 15:47:26","9882","894.71"
"9769","6306","2022-06-07 23:34:14","9431","342.32"
"540","4260","2022-10-09 20:34:14","1131","122.01"
"8857","6410","2023-07-17 12:19:44","8594","483.39"
"6871","9497","2022-05-06 11:41:26","7382","751.59"
"1889","7969","2023-01-03 17:15:17","5493","330.41"
"3612","6095","2023-06-13 21:29:21","2793","560.12"
"3584","741","2023-07-01 09:36:56","9402","891.01"
"3088","9934","2023-07-11 11:18:58","9436","161.51"
"596","9920","2021-10-21 12:43:22","3188","217.30"
"373","8916","2022-08-31 07:29:57","1662","413.14"
"5739","7144","2022-02-21 18:45:30","1000","870.91"
"6410","3266","2022-04-24 18:37:28","5874","792.30"
"2592","2653","2022-06-27 14:33:26","8674","419.72"
"216","7727","2023-03-17 21:22:53","6715","984.56"
"4111","2513","2022-12-14 03:44:04","203","715.08"
"4601","2209","2022-04-09 05:44:39","7894","594.59"
"2168","5083","2022-08-02 02:33:16","6789","109.35"
"2622","3922","2022-03-27 00:14:02","7342","696.06"
"9297","6852","2023-05-27 11:58:27","766","271.42"
"7313","8643","2023-08-23 01:58:08","7983","890.07"
"5340","5112","2023-07-17 09:56:08","7649","63.81"
"2138","241","2022-08-12 19:47:51","6840","503.00"
"8656","1602","2022-03-01 15:49:10","1948","934.42"
"1641","7792","2023-07-29 23:56:57","6499","104.71"
"4202","2185","2023-02-24 08:45:39","8533","512.40"
"693","666","2022-03-13 12:34:52","4254","855.90"
"9954","8101","2023-04-11 00:41:53","7514","658.23"
"6153","9619","2022-05-18 18:41:02","145","224.55"
"6016","1535","2022-06-24 10:56:14","584","42.29"
"4743","5913","2022-08-07 08:50:42","8986","241.73"
"790","5044","2022-02-21 05:07:50","8569","146.54"
"6794","1780","2021-12-20 22:20:44","9188","775.51"
"7849","1900","2023-04-01 02:47:26","8154","604.52"
"2728","9248","2022-07-23 10:32:47","1424","113.30"
"6304","128","2021-12-19 21:40:04","6452","884.77"
"9582","3559","2022-08-29 07:23:25","1370","534.92"
"7065","3144","2022-07-10 04:41:36","1884","108.73"
"1948","8144","2022-08-09 19:46:55","4202","303.92"
"1714","3243","2022-09-25 18:44:04","6193","582.19"
"7993","2431","2022-12-16 17:19:25","6650","687.57"
"8169","3309","2022-11-30 08:05:01","9990","305.55"
"581","8603","2022-01-27 23:08:53","4208","926.94"
"7707","1087","2023-06-18 01:27:36","1386","801.32"
"665","4922","2021-10-16 14:19:29","7349","522.75"
"8273","6262","2023-09-04 14:55:59","8680","809.18"
"9832","1251","2023-05-07 21:49:59","6985","348.96"
"7900","6366","2023-01-19 12:42:12","9607","300.24"
"8304","9343","2022-04-20 08:51:22","5450","174.46"
"6294","6286","2021-11-22 01:58:35","2683","234.50"
"588","7886","2022-08-25 06:58:36","2308","791.25"
"6736","576","2023-01-22 21:37:28","7639","670.17"
"2480","331","2021-10-29 22:35:21","9802","925.18"
"5679","3194","2022-07-29 12:44:43","8033","109.79"
"5535","2036","2023-03-18 20:39:48","4855","264.18"
"3098","625","2023-06-04 05:03:10","6422","753.75"
"1234","731","2023-09-05 06:32:12","655","740.89"
"9368","3538","2022-04-01 02:28:23","1531","886.84"
"1858","2386","2022-08-31 14:03:00","9273","611.61"
"1625","6802","2023-05-28 18:24:57","2558","76.60"
"8136","5316","2023-04-18 22:33:45","4138","151.15"
"481","5659","2022-07-01 22:18:00","2914","35.19"
"2347","3407","2021-10-07 05:38:23","3355","104.50"
"9909","3815","2023-08-03 01:35:00","2324","271.75"
"4230","2132","2021-10-26 10:09:30","3409","557.44"
"9063","5357","2022-02-24 16:14:48","9716","118.94"
"2562","6170","2023-09-01 23:16:11","2407","235.83"
"3877","3013","2022-05-18 19:07:54","6102","602.90"
"6452","1276","2023-04-03 02:46:40","1199","264.86"
"2331","9684","2022-08-28 15:33:28","4882","513.75"
"8670","947","2022-07-24 02:35:08","6694","65.73"
"6088","4805","2022-10-05 11:22:09","1491","214.18"
"9921","2521","2023-06-14 17:30:48","7309","626.62"
"4062","7429","2022-06-26 02:40:46","8574","257.17"
"3336","4828","2021-10-06 03:44:53","7357","970.34"
"1875","4934","2022-12-02 04:48:18","9980","267.17"
"3807","8908","2023-05-19 14:00:20","6640","401.40"
"4","4203","2022-08-10 04:38:12","8619","967.14"
"5797","4643","2023-08-12 11:33:41","3211","910.14"
"5007","8743","2022-06-25 17:24:20","1936","832.16"
"4746","4632","2022-11-12 11:47:57","2202","983.81"
"6730","8905","2022-08-14 01:33:00","4564","475.92"
"2573","2020","2023-03-30 03:00:22","1974","669.72"
"9168","4898","2022-07-06 17:30:21","7744","637.78"
"5214","8072","2023-02-23 04:33:56","986","742.70"
"3534","418","2022-07-07 18:33:02","7725","608.11"
"6473","105","2022-07-12 08:06:18","674","190.44"
"3714","2304","2023-05-11 12:29:18","9385","431.67"
"5409","6293","2022-02-12 09:53:49","5418","662.72"
"8587","5178","2022-01-13 02:16:52","3422","275.66"
"8060","6382","2023-04-24 13:31:58","3607","373.90"
"6362","545","2022-04-04 12:00:38","1387","250.23"
"4874","1419","2023-04-05 06:07:10","8390","456.70"
"8456","8965","2023-09-26 21:22:08","7055","977.47"
"3529","5524","2022-04-29 05:36:11","691","2.50"
"4748","116","2022-01-21 18:45:54","1043","639.68"
"3620","7433","2022-03-03 12:20:27","5562","919.15"
"5290","8780","2022-09-23 17:04:48","5327","408.03"
"6040","1312","2022-03-16 12:27:16","8593","533.44"
"5115","8468","2023-08-03 16:50:48","6302","475.30"
"5010","9043","2021-11-29 21:51:44","150","777.06"
"8086","7545","2022-09-11 13:36:29","1935","113.12"
"6783","3497","2022-09-11 23:30:35","1263","686.02"
"4091","8028","2022-03-24 15:25:40","2098","455.61"
"9126","4677","2023-01-21 14:08:30","8864","347.89"
"7570","8784","2023-02-09 10:38:51","4276","430.19"
"1620","2827","2023-04-26 23:21:21","6793","334.08"
"8442","7016","2023-08-03 00:05:45","815","164.19"
"5880","3761","2023-03-12 22:06:12","8956","433.18"
"5038","5362","2022-04-04 04:04:04","6114","749.22"
"253","9062","2022-10-31 20:28:11","5372","590.26"
"2543","2896","2022-11-05 05:19:25","1252","237.93"
"3855","2164","2023-06-30 15:58:30","3828","659.92"
"8166","1769","2023-01-26 04:46:26","426","895.77"
"5057","207","2022-03-24 15:51:29","9101","277.85"
"1290","4246","2022-01-19 11:32:10","9900","635.46"
"969","3418","2021-11-03 11:07:36","5163","357.34"
"5638","2659","2022-05-29 13:10:56","278","598.02"
"5790","360","2022-10-21 04:17:20","1004","30.03"
"5352","1090","2023-07-04 09:08:02","1022","562.37"
"7130","2327","2022-07-09 19:38:52","5111","256.60"
"6705","4321","2022-11-23 06:22:56","8705","709.16"
"6394","2806","2021-10-07 03:21:57","8201","298.21"
"5407","3889","2023-07-19 06:40:10","2888","302.82"
"1285","6998","2023-09-25 06:01:40","9795","197.29"
"9862","656","2022-04-18 19:49:29","5574","600.71"
"5871","4796","2023-03-10 09:46:03","2470","738.52"
"6630","5531","2022-05-02 07:34:00","8066","604.84"
"9018","7682","2021-10-31 20:30:01","8712","984.07"
"6472","1966","2022-08-14 08:22:18","5678","700.40"
"4160","9535","2023-04-03 12:50:05","4747","388.56"
"4106","3423","2022-01-02 19:42:00","9273","539.85"
"2663","2507","2022-06-18 13:18:34","148","909.25"
"5950","4770","2023-02-02 17:31:34","4807","576.96"
"2785","16","2023-06-09 01:06:48","2306","907.25"
"152","7871","2023-09-11 11:16:00","4220","931.86"
"4566","2848","2022-11-20 00:32:12","2782","129.18"
"8903","9913","2022-07-30 12:41:36","7121","444.06"
"4594","4230","2022-11-26 12:01:16","8638","855.36"
"2321","97","2023-05-10 07:23:06","8377","296.57"
"595","9201","2023-09-13 10:18:00","6744","930.58"
"2597","3186","2023-02-06 18:22:00","5807","703.93"
"4496","3033","2023-05-16 12:55:32","6880","197.37"
"8337","1645","2022-02-27 23:10:18","2694","716.64"
"4140","7163","2023-08-20 15:05:43","5835","951.40"
"8069","179","2023-05-19 23:55:10","4105","366.66"
"629","9546","2022-10-01 03:27:07","5809","929.45"
"398","6522","2022-10-07 16:15:42","8547","201.95"
"5914","73","2021-11-27 14:36:04","3125","187.05"
"415","5157","2022-08-05 16:53:23","2052","462.92"
"6622","5015","2022-11-06 00:17:29","980","222.70"
"8513","712","2023-07-06 08:24:49","9092","625.91"
"1322","9171","2022-02-17 04:54:48","4351","345.44"
"8477","7478","2023-09-11 12:57:30","2542","782.09"
"2899","8392","2021-10-30 23:23:11","5178","137.93"
"7514","8556","2022-02-05 12:37:43","5466","278.08"
"1350","8481","2022-06-28 10:30:30","40","116.95"
"9343","7398","2022-06-22 13:17:33","6194","851.25"
"372","2991","2023-04-27 15:32:39","2049","59.30"
"6780","1016","2023-03-31 12:44:50","5099","609.25"
"1268","6688","2021-11-15 16:08:29","7220","599.44"
"9219","7432","2022-08-20 21:51:06","2960","74.36"
"1050","5859","2021-12-18 12:38:55","2021","50.26"
"223","5288","2022-09-24 06:42:56","9077","771.08"
"6585","4296","2021-10-26 07:33:20","8451","115.51"
"7723","541","2022-02-01 13:13:29","8463","400.65"
"2570","8983","2023-03-29 07:20:14","2406","222.39"
"5378","390","2022-10-14 19:36:38","6522","33.45"
"2785","3902","2022-07-05 04:40:35","3703","267.59"
"2260","6332","2022-12-17 12:13:58","220","290.62"
"2439","319","2021-10-24 06:31:09","5297","800.01"
"9388","2419","2023-06-01 06:25:22","2509","606.69"
"5454","4062","2023-09-21 06:43:13","2258","583.86"
"1196","2126","2022-08-17 10:33:29","9275","516.63"
"7719","6254","2022-03-28 12:19:02","6469","376.91"
"4134","4519","2023-08-23 03:43:28","8627","580.99"
"7775","3883","2022-05-07 07:39:22","660","956.18"
"798","2362","2023-04-11 21:32:32","6429","66.61"
"7547","9898","2022-09-28 13:27:43","2644","257.62"
"9669","4648","2023-05-19 10:56:47","8250","155.25"
"7744","8498","2023-05-12 22:21:18","883","342.95"
"4850","6227","2023-02-09 11:53:29","679","486.06"
"4408","6146","2023-04-23 01:58:44","3410","522.19"
"5848","2715","2021-10-28 23:28:50","7054","967.11"
"6970","8927","2023-04-21 18:55:24","9075","222.32"
"3739","486","2022-11-16 17:45:24","2220","759.45"
"1941","6698","2023-05-28 10:59:39","4288","258.58"
"2368","6162","2023-05-02 08:14:45","9100","436.56"
"7721","8381","2022-05-30 12:35:51","6719","612.20"
"9559","9756","2023-02-09 04:57:47","8472","139.98"
"1821","4369","2023-03-23 12:45:55","2762","610.01"
"5933","7875","2022-06-08 23:55:54","1771","759.47"
"3747","2605","2022-12-14 23:12:40","9037","182.02"
"8472","6699","2023-01-20 04:04:12","3409","764.09"
"2199","6360","2022-02-14 19:18:17","7224","906.19"
"6638","5480","2022-04-03 18:36:18","8303","707.91"
"4402","8314","2022-10-20 12:52:12","9024","674.23"
"8863","5969","2022-02-05 15:25:31","4955","927.11"
"7833","6442","2022-12-18 10:38:08","6717","814.73"
"1816","4861","2022-01-22 07:08:49","5889","120.29"
"9154","3252","2021-10-10 04:54:32","541","689.71"
"7749","9167","2022-07-01 11:10:03","5620","103.37"
"5103","4496","2022-03-28 04:32:15","146","758.51"
"1269","4993","2022-12-24 07:18:57","6918","356.23"
"4716","3265","2023-05-04 08:30:20","7882","546.92"
"1957","6573","2022-07-07 12:10:05","8196","735.56"
"4545","5885","2022-08-12 02:17:51","4638","174.17"
"2527","5636","2023-09-29 07:33:42","3990","257.31"
"6289","6368","2022-09-30 18:13:59","8413","799.36"
"8228","5098","2022-10-17 17:43:32","3811","580.17"
"5196","6459","2023-08-27 18:25:59","3725","609.06"
"1531","4316","2022-03-09 07:16:56","5354","212.50"
"3829","715","2021-10-11 00:14:34","6269","802.19"
"9926","3266","2021-12-07 01:51:33","7636","308.96"
"1094","8797","2022-02-19 07:25:48","3838","366.70"
"7140","3442","2022-07-27 20:18:17","674","940.95"
"6020","5526","2023-03-14 16:55:19","7436","298.14"
"1691","1695","2022-05-04 16:04:32","395","292.63"
"9390","5235","2022-03-10 08:31:50","6900","881.81"
"7776","2040","2022-11-04 01:46:43","7334","727.85"
"2111","6819","2022-04-20 08:23:26","6180","198.53"
"7435","4070","2022-07-04 09:24:37","7873","607.08"
"6633","7308","2022-03-27 16:44:39","7036","347.72"
"3739","7223","2022-05-12 22:36:32","5897","792.81"
"3073","4913","2023-09-29 05:28:18","8483","102.50"
"5479","2627","2023-05-22 11:58:17","7677","636.73"
"2744","6404","2021-11-10 08:01:09","5553","835.28"
"8892","9740","2022-12-31 07:35:57","7111","297.93"
"9798","7231","2021-10-30 06:49:10","3980","795.83"
"8","713","2021-11-22 02:05:17","2198","379.31"
"8449","6971","2023-09-22 21:18:30","4692","573.25"
"9131","5841","2023-04-15 00:40:06","7178","675.71"
"2401","3600","2023-05-13 11:50:37","1856","267.83"
"6027","763","2021-10-21 06:02:31","6654","316.99"
"6740","8861","2022-03-17 04:47:41","67","287.46"
"8911","8801","2021-11-25 00:33:44","1282","970.36"
"5898","5113","2021-12-08 17:55:00","380","390.98"
"6021","2512","2022-10-01 11:37:58","4233","197.43"
"6270","6292","2023-05-07 03:26:20","8303","539.41"
"721","2536","2022-06-06 19:24:35","9571","971.87"
"7122","5233","2022-07-31 04:12:56","397","169.22"
"509","1948","2023-04-05 16:50:32","7041","304.46"
"1891","5633","2022-05-19 05:45:32","6123","938.80"
"5550","8444","2022-12-07 15:48:36","228","270.45"
"2255","5636","2021-12-20 20:53:53","9195","614.91"
"8531","1230","2023-08-04 15:50:44","9604","270.83"
"5690","1586","2022-12-11 23:20:14","3554","236.39"
"7192","5708","2022-02-04 10:00:23","4410","583.37"
"5140","2104","2022-05-07 17:41:31","9193","15.45"
"575","1385","2023-01-22 20:32:37","231","412.43"
"8400","9087","2022-06-30 17:42:47","7357","168.86"
"2010","1316","2023-01-08 18:20:48","7585","524.36"
"4697","513","2021-10-22 12:22:28","134","415.58"
"4709","793","2023-06-05 02:44:50","4076","824.90"
"6367","6858","2022-05-10 21:17:53","9542","345.87"
"7353","2013","2022-08-29 18:52:44","6135","280.37"
"6286","501","2022-04-07 23:09:40","1328","412.27"
"248","5933","2022-11-16 21:07:17","6781","183.74"
"4399","6622","2022-09-04 21:12:54","7712","28.53"
"4083","2476","2022-03-25 14:52:42","4928","228.48"
"446","2969","2022-04-03 09:59:26","6838","238.29"
"2752","4062","2022-11-15 17:44:27","4905","73.06"
"2749","6242","2022-11-01 09:08:19","6355","368.87"
"1688","2077","2023-07-31 10:44:50","1408","801.03"
"6485","7379","2023-03-12 07:30:17","4518","656.41"
"2584","9601","2022-04-11 05:05:47","3438","8.17"
"4079","7382","2023-04-09 07:21:07","2203","984.09"
"2420","5754","2023-03-06 16:20:41","5865","548.42"
"368","7855","2023-06-23 11:20:44","3270","965.74"
"7215","2282","2022-10-09 00:15:51","4848","559.66"
"9482","6574","2023-03-28 23:10:29","8216","493.36"
"3545","4344","2022-11-08 05:57:58","2742","829.88"
"8295","7796","2023-09-17 00:47:20","5598","464.78"
"854","3183","2022-04-22 08:03:52","7517","103.91"
"4200","17","2023-07-07 21:05:51","3548","292.59"
"4385","147","2023-03-12 14:58:20","270","92.43"
"6439","8188","2023-05-01 05:01:29","5951","519.61"
"405","2821","2021-10-15 19:27:43","9730","845.36"
"3224","5230","2022-02-25 00:15:06","2929","729.98"
"6679","9614","2023-02-04 02:18:01","3714","6.90"
"2220","8232","2021-12-09 21:58:14","6870","459.30"
"5556","2263","2022-06-07 06:20:36","4495","779.54"
"1276","7514","2023-06-21 07:53:59","2614","184.86"
"9961","7336","2022-08-27 22:35:14","2605","962.19"
"1825","3047","2023-05-07 17:55:38","7901","416.44"
"1812","5827","2022-11-04 03:17:57","8782","100.90"
"2269","2013","2022-08-17 16:57:38","6308","705.21"
"6423","9489","2023-05-09 21:10:11","3688","36.00"
"9815","6543","2022-01-15 15:06:56","9179","466.80"
"7302","8886","2022-01-25 15:56:22","9184","239.21"
"9446","7693","2022-05-16 06:31:31","4388","436.00"
"8576","1149","2023-08-16 07:00:41","168","422.82"
"1876","5443","2021-10-09 17:09:24","5297","259.11"
"6111","3393","2022-04-19 21:50:43","7390","577.88"
"1382","1324","2022-06-06 19:15:34","7188","668.78"
"6977","8497","2021-12-01 05:21:47","3593","268.52"
"1154","2345","2022-02-02 19:28:03","564","691.18"
"4384","9261","2022-05-27 20:16:26","5770","769.59"
"7647","8395","2022-06-29 20:47:32","3805","806.55"
"8393","112","2022-04-16 17:25:50","9410","171.56"
"3995","8941","2021-10-23 14:10:59","8498","810.95"
"651","5992","2022-02-21 09:25:52","5585","477.60"
"3869","7821","2023-05-04 17:03:14","5640","207.82"
"6312","4715","2023-03-20 17:47:03","9507","730.79"
"9826","2841","2023-01-22 17:53:45","7236","595.69"
"2360","8395","2022-09-03 08:28:03","6413","356.43"
"3463","4176","2022-04-10 12:49:32","8789","957.39"
"5533","2399","2022-06-11 20:54:42","3990","248.28"
"9772","1879","2023-08-29 20:44:33","7321","732.95"
"9916","4080","2023-04-09 03:06:07","1454","873.46"
"4479","8384","2022-03-10 15:35:04","5799","650.03"
"3227","9894","2023-07-12 09:22:35","2679","871.48"
"4714","7969","2022-08-26 18:37:01","5147","601.05"
"2616","4360","2023-01-25 09:36:15","9155","748.67"
"6143","3610","2023-03-14 02:18:33","1469","118.09"
"8406","5421","2023-04-27 00:09:06","9775","193.00"
"1564","5113","2021-12-14 18:40:13","9635","629.98"
"3241","4550","2022-05-22 05:36:32","2600","293.22"
"3740","4225","2022-10-24 23:37:39","4972","294.31"
"2233","6667","2022-02-23 02:03:38","3258","905.87"
"2067","4437","2021-12-07 01:50:16","4575","930.23"
"9461","55","2022-08-25 13:09:17","2083","278.08"
"5222","3604","2023-03-08 23:32:44","2857","757.34"
"3092","1644","2022-07-03 10:08:50","8030","458.94"
"3569","4681","2022-12-07 18:19:30","6430","126.19"
"1559","8469","2023-07-28 21:37:24","2268","726.48"
"3196","2910","2023-05-01 18:33:22","1121","475.68"
"839","5641","2023-07-13 19:52:27","6390","682.89"
"2489","569","2022-05-29 22:18:34","7269","896.37"
"3333","6413","2021-12-11 20:42:29","1598","861.87"
"2751","528","2022-03-10 05:50:22","3817","319.66"
"1141","8977","2022-03-18 20:54:20","8612","337.13"
"1632","8408","2022-01-13 20:57:34","9892","389.89"
"7071","9842","2022-08-07 10:48:49","4294","790.55"
"3373","567","2022-03-07 04:52:02","7217","383.02"
"3876","7434","2022-10-06 05:07:25","1497","944.65"
"4873","1452","2023-01-24 20:26:53","2039","759.91"
"3769","2229","2022-08-18 16:22:11","3933","74.28"
"6064","2385","2022-01-02 15:13:19","8321","551.53"
"3280","4836","2022-11-13 17:43:42","6944","660.27"
"1263","4715","2023-02-05 15:10:50","2540","839.75"
"2545","9591","2022-01-28 03:34:28","9381","643.12"
"2282","7232","2023-09-16 06:10:50","8785","620.47"
"9386","1397","2023-03-18 19:20:02","6007","117.38"
"700","493","2023-08-04 08:23:27","9655","174.94"
"9215","6166","2022-02-07 22:07:39","3892","198.27"
"3984","215","2022-03-29 15:10:16","2351","922.99"
"2905","1112","2021-12-25 18:01:36","4578","149.79"
"4226","9475","2022-08-26 19:55:02","679","127.05"
"5453","4160","2023-02-11 16:36:50","6681","604.33"
"1460","9708","2023-04-17 14:46:14","2359","383.75"
"175","4103","2022-08-27 14:14:57","9473","882.59"
"8737","6360","2023-09-22 10:09:50","3283","417.43"
"4289","5018","2021-12-09 12:01:43","6028","270.67"
"851","4675","2022-11-05 03:47:29","6944","799.83"
"2626","123","2022-04-29 22:40:57","1752","643.77"
"4337","8444","2022-08-14 15:26:45","2174","974.20"
"3403","5552","2022-04-26 00:05:29","1790","64.59"
"3154","5413","2022-08-19 10:00:51","2089","135.77"
"2846","5800","2022-09-01 22:03:51","7149","659.11"
"9136","7419","2022-01-14 11:44:53","1573","86.73"
"6443","1583","2022-08-28 09:22:17","938","492.44"
"8631","2038","2022-12-12 01:26:42","5527","20.15"
"5533","7411","2023-07-24 12:26:39","3250","359.74"
"8943","2805","2023-10-02 22:16:33","7368","601.01"
"5400","3403","2022-06-04 10:14:39","8925","184.11"
"8925","4729","2023-05-02 21:05:33","998","312.72"
"2715","7622","2022-04-22 23:44:26","2749","790.86"
"267","2010","2021-12-21 17:48:29","5075","163.46"
"3760","7587","2023-02-17 19:31:42","9741","885.26"
"137","9650","2022-08-27 16:02:49","9870","345.85"
"7748","7660","2023-08-19 16:44:05","4149","542.23"
"7573","5301","2023-02-15 21:47:27","380","579.43"
"344","1669","2022-09-26 11:04:39","8479","236.95"
"9039","2177","2021-10-30 07:06:22","8053","677.50"
"3234","9291","2022-03-12 04:47:03","1116","721.88"
"6634","4570","2022-03-15 04:13:21","1289","608.75"
"47","3238","2023-01-26 16:45:52","4835","678.41"
"637","1410","2022-06-30 13:46:07","6208","663.47"
"6562","9073","2021-10-05 05:40:23","7125","472.66"
"6469","9604","2023-04-18 08:18:45","9841","478.54"
"6860","9597","2023-02-18 17:23:04","2784","506.77"
"5084","1078","2023-03-18 05:30:14","3715","536.09"
"5551","2555","2022-02-23 21:41:28","8144","112.90"
"3749","2932","2021-10-12 10:09:16","8522","662.46"
"7215","5103","2022-11-21 10:06:02","620","272.11"
"7759","4633","2023-04-27 14:49:00","5001","460.94"
"5436","7558","2021-11-26 09:31:47","980","437.48"
"3372","6186","2023-08-16 04:29:18","1114","600.15"
"115","4826","2022-06-01 14:26:56","950","9.02"
"9731","2772","2022-10-04 13:49:39","1331","920.82"
"1665","1258","2023-04-08 10:03:03","1070","913.17"
"7091","1315","2022-01-02 03:35:02","7759","782.81"
"2264","6103","2023-04-24 15:07:46","6916","821.80"
"9061","4065","2021-12-16 22:30:56","6195","585.89"
"8955","6428","2023-09-10 14:41:25","5025","391.29"
"6637","5969","2023-04-28 18:17:16","4646","585.00"
"20","2344","2022-04-22 23:12:06","3432","221.77"
"2061","4514","2022-04-25 06:06:50","2274","25.53"
"1557","8219","2023-06-12 20:15:00","8109","245.31"
"3980","5777","2023-06-17 12:32:39","6543","146.85"
"524","5439","2022-04-02 14:08:26","6456","68.42"
"4291","764","2023-05-06 00:15:32","4385","156.04"
"3714","2936","2022-04-19 12:59:19","6050","812.73"
"9288","9997","2023-01-08 13:17:50","1211","640.40"
"492","9941","2022-02-04 23:28:43","5396","263.98"
"3242","517","2023-02-16 02:39:03","8898","378.79"
"5484","5679","2022-07-15 09:32:20","1917","65.27"
"3736","6308","2023-05-21 07:01:13","9828","39.76"
"6427","2650","2022-02-01 05:26:15","7026","673.41"
"2593","9314","2021-10-06 10:45:09","4928","212.42"
"6519","4204","2022-11-13 20:54:22","6900","586.77"
"1965","4109","2023-01-17 20:04:42","5162","444.69"
"8418","381","2022-10-28 01:00:52","8417","836.46"
"593","353","2022-08-22 16:10:17","9102","140.07"
"6390","8741","2022-07-03 07:54:42","8999","787.87"
"9472","3031","2023-06-22 21:48:29","9619","95.34"
"7052","1092","2022-03-23 23:39:45","1595","297.27"
"5171","7212","2023-08-03 19:03:01","2531","747.58"
"3671","735","2022-07-11 22:37:50","8367","468.91"
"5025","2125","2022-10-31 02:54:46","2288","215.30"
"442","8022","2022-10-05 11:03:13","1277","980.27"
"9226","2218","2022-12-16 03:15:40","4231","145.27"
"6072","700","2022-06-17 21:56:57","1691","191.44"
"9504","5984","2022-02-21 22:01:30","116","766.31"
"6844","4371","2022-10-17 10:47:20","7076","762.63"
"6948","3146","2022-04-30 14:29:26","1174","275.54"
"7370","5629","2022-04-13 19:56:00","2658","725.37"
"2528","1587","2022-11-25 13:55:27","9605","975.21"
"5179","2673","2022-05-04 05:37:22","5836","116.55"
"5073","5460","2023-07-31 13:52:16","24","342.28"
"2605","7786","2022-04-09 17:04:27","1300","841.06"
"1462","6407","2022-09-30 00:24:19","7940","220.12"
"1961","6620","2023-01-19 14:14:43","1538","419.91"
"3553","4950","2023-07-23 04:32:40","6602","287.45"
"2860","6613","2022-04-25 08:47:34","2903","213.85"
"7468","1487","2022-06-19 14:34:27","8459","647.02"
"5720","2873","2022-10-27 16:42:57","3705","312.76"
"1630","5910","2023-05-11 12:32:27","3681","152.33"
"8965","5152","2023-03-01 14:36:57","8135","597.84"
"4849","298","2023-01-31 14:33:21","2952","438.81"
"5108","7204","2022-02-16 20:53:21","1797","78.88"
"9220","8954","2023-04-30 09:58:24","6156","659.53"
"5420","8099","2022-01-25 05:15:45","8513","72.01"
"9207","306","2023-07-28 18:43:20","2266","105.43"
"1027","785","2023-05-16 18:38:19","3764","256.89"
"6031","6860","2022-03-16 16:22:44","6424","93.90"
"7306","176","2022-08-22 23:45:46","2514","319.25"
"4596","4830","2023-05-31 06:11:38","7412","586.75"
"4361","8460","2023-08-11 13:12:06","4986","785.65"
"6612","4592","2023-09-26 00:46:40","233","374.66"
"2126","2930","2022-10-10 11:20:20","3118","293.14"
"8234","8294","2022-02-08 23:07:44","9621","271.73"
"7111","3009","2022-01-03 00:02:11","891","801.19"
"2250","2410","2022-12-15 23:25:23","3438","551.16"
"8000","2058","2022-06-22 10:25:13","9395","839.39"
"9340","7274","2023-01-16 03:00:04","4701","126.13"
"2134","2915","2023-09-22 21:52:16","4353","452.75"
"8949","1639","2023-05-13 19:54:35","1480","600.35"
"7130","4066","2023-06-19 21:52:49","5421","691.51"
"7892","9961","2022-10-22 19:07:27","4865","360.55"
"2769","1471","2022-12-13 22:57:23","4523","709.22"
"9139","9295","2022-06-24 01:25:46","7441","164.74"
"477","6626","2023-08-02 16:01:19","389","712.45"
"4879","9942","2022-02-02 13:01:55","8015","709.52"
"6784","436","2022-05-24 17:47:33","2922","921.68"
"7419","8752","2023-02-15 01:56:11","2271","652.85"
"9680","2761","2023-06-28 13:14:39","1350","131.37"
"3137","453","2023-06-12 23:50:21","6163","545.94"
"7256","8506","2023-05-09 21:45:38","628","476.37"
"243","8548","2023-07-03 11:21:06","9766","653.95"
"4810","2666","2022-02-19 06:03:57","4605","315.62"
"4944","4188","2023-04-09 18:23:24","2747","601.26"
"6745","1283","2021-12-03 10:23:00","9329","381.35"
"7417","9140","2023-04-14 01:39:53","9957","122.99"
"9966","792","2023-08-14 14:32:13","7174","438.07"
"1200","275","2023-02-20 15:57:54","799","932.73"
"8535","4766","2022-12-25 06:00:15","9304","125.80"
"5478","5075","2023-08-30 09:19:05","8954","394.09"
"6760","5800","2021-11-28 18:47:53","5385","451.49"
"2442","5768","2021-11-03 12:20:58","237","960.63"
"7055","9343","2022-09-30 22:04:27","4815","29.78"
"1106","224","2023-03-08 05:27:39","716","126.69"
"2871","3602","2023-02-22 07:11:35","8978","100.66"
"4636","2804","2023-07-20 22:01:55","6230","56.83"
"8419","5837","2023-01-10 12:53:12","4031","67.80"
"3276","5542","2022-09-25 05:59:04","3015","933.03"
"1952","4811","2023-05-15 23:25:24","5300","542.29"
"6800","4517","2021-11-16 15:36:01","6268","197.26"
"3636","6717","2023-05-19 08:59:39","6343","287.95"
"753","8598","2022-03-30 14:22:43","3536","867.39"
"1281","8852","2021-12-29 23:18:25","2511","240.51"
"2149","8655","2023-01-28 13:41:59","2944","864.05"
"2256","728","2022-11-08 19:05:49","3541","794.60"
"4082","9655","2022-04-29 12:47:04","3165","514.75"
"4814","952","2022-04-28 10:47:19","1765","543.53"
"3951","3264","2022-02-27 18:15:07","6200","184.25"
"6400","440","2023-08-17 03:23:49","8742","86.14"
"3293","8375","2022-05-26 05:03:14","1406","186.85"
"2940","2415","2023-06-16 03:57:24","1997","442.74"
"4048","8830","2022-12-29 10:17:34","3941","173.56"
"4400","5369","2023-09-25 20:06:48","1692","275.82"
"1027","7551","2022-08-12 05:28:58","7899","594.72"
"4643","747","2022-08-19 16:51:28","1086","792.11"
"6453","3789","2022-05-19 10:22:36","1757","694.80"
"9273","803","2022-08-14 17:27:51","6756","853.32"
"1775","1911","2022-11-24 12:06:52","9916","245.78"
"4033","7079","2023-05-31 13:14:13","2442","992.52"
"356","5484","2022-01-29 02:13:35","1685","859.31"
"9206","1702","2023-04-29 13:19:39","7823","897.45"
"1484","3420","2021-11-05 19:49:01","6618","485.39"
"5575","4265","2023-04-19 07:03:57","1087","720.17"
"4604","5484","2022-04-20 04:30:41","7269","55.35"
"5931","5872","2023-09-11 10:09:56","6147","306.98"
"5049","6561","2023-06-13 06:17:41","9877","81.50"
"7111","2349","2021-12-15 17:54:29","2048","84.35"
"3971","9260","2021-12-08 01:58:17","3653","654.01"
"7550","4506","2023-02-08 04:14:28","6251","327.02"
"43","2731","2022-12-22 21:45:21","813","150.33"
"8132","4183","2022-06-04 03:14:56","9270","585.79"
"8287","818","2022-04-12 01:44:04","2128","331.21"
"680","9838","2022-12-13 09:27:09","1499","996.77"
"6479","230","2023-04-29 09:34:21","8586","583.29"
"4906","9075","2022-05-21 00:05:52","6584","980.79"
"9287","4053","2023-09-23 16:44:47","6433","484.15"
"9393","4189","2023-03-29 10:10:45","8416","477.19"
"5096","5286","2023-03-23 02:37:32","1249","650.15"
"9647","1727","2022-12-11 13:01:48","3217","900.04"
"7579","1805","2022-11-10 03:42:28","327","734.84"
"4327","3289","2023-05-05 19:27:43","6576","977.45"
"244","9440","2023-05-30 07:10:44","9887","941.51"
"2516","6307","2022-09-24 04:37:18","4296","549.32"
"9030","7443","2022-10-02 01:05:56","4244","711.28"
"855","4112","2022-07-11 11:25:55","5446","506.52"
"4665","7800","2021-11-08 03:29:40","8857","845.49"
"5240","1230","2023-07-02 02:29:35","5718","79.25"
"4826","4332","2022-10-21 04:35:36","29","723.53"
"1859","780","2022-07-26 21:44:37","7293","690.50"
"207","7523","2022-04-16 22:34:10","3476","271.68"
"913","4330","2021-12-25 01:01:29","2247","4.68"
"9519","4667","2023-06-19 16:15:56","1117","579.54"
"5478","3791","2021-11-10 10:47:08","8518","378.06"
"5221","698","2022-11-15 23:34:24","3325","183.08"
"5127","2452","2023-06-16 18:46:20","3948","978.76"
"2944","7318","2022-04-26 13:56:03","2817","54.54"
"3752","6407","2021-10-08 23:24:21","971","129.59"
"2703","317","2021-11-06 00:28:21","8745","292.12"
"2475","8974","2022-02-26 17:25:05","6675","605.45"
"9232","261","2022-04-06 23:59:14","9636","55.51"
"9415","6077","2022-07-15 10:16:07","1060","635.94"
"2462","3486","2023-07-16 03:45:40","8591","292.81"
"5221","9533","2022-12-31 08:17:54","9168","919.25"
"4184","7667","2022-04-26 10:25:57","7317","266.51"
"5197","2452","2022-04-24 05:47:35","2938","571.55"
"4392","5764","2023-07-03 02:53:05","2432","633.29"
"7532","9741","2022-09-01 07:34:17","9611","305.20"
"7226","6703","2023-09-17 21:42:58","9299","106.49"
"3265","7059","2021-10-07 02:44:21","3756","697.79"
"6966","6607","2023-09-26 15:09:59","6636","42.25"
"1996","8257","2023-01-31 13:03:15","7360","296.32"
"4185","291","2023-09-07 10:47:48","7497","575.83"
"5116","9299","2023-07-14 03:23:54","468","724.35"
"254","4700","2023-01-31 22:03:40","7071","303.96"
"2180","4153","2023-04-18 21:59:40","9457","832.69"
"7870","5917","2023-08-29 01:20:23","7694","920.96"
"6938","5652","2022-06-02 05:54:51","2334","474.69"
"3950","7568","2023-06-24 05:24:12","3310","277.06"
"3317","8628","2022-05-19 21:22:15","6968","144.22"
"3429","5035","2022-01-13 23:52:37","2684","539.92"
"982","1716","2022-01-10 23:25:05","4135","944.20"
"4571","9386","2023-07-15 21:02:52","6080","164.59"
"9192","8595","2023-02-02 15:29:51","4270","188.00"
"5594","6949","2023-01-19 12:20:17","7928","593.16"
"6911","1370","2023-01-08 00:07:51","4097","852.00"
"2065","6331","2023-07-06 15:51:48","5980","55.89"
"9705","6537","2022-11-27 10:25:39","1820","198.33"
"5288","9092","2022-08-13 07:24:15","2364","10.53"
"6745","9340","2023-03-28 06:35:33","1898","635.11"
"2251","4478","2022-04-05 18:09:54","2804","366.33"
"186","8557","2022-05-10 14:46:58","6859","381.95"
"5455","4116","2022-11-04 08:06:10","3825","793.90"
"9276","1772","2022-04-28 21:08:20","7081","101.55"
"1876","4636","2021-12-19 17:13:11","3940","491.16"
"7867","2444","2023-09-08 18:37:46","5319","323.20"
"9343","887","2022-10-02 23:26:05","7808","883.63"
"3563","1594","2022-06-19 22:24:59","2861","417.73"
"7798","4290","2023-06-07 02:23:29","7847","372.93"
"9338","6618","2022-07-04 04:09:43","7045","462.29"
"8874","8031","2021-12-29 02:26:25","3840","959.40"
"5006","7308","2023-08-11 00:00:39","3468","634.95"
"400","5903","2023-06-29 19:07:15","572","609.80"
"790","874","2022-08-16 20:37:08","4927","750.86"
"1739","6893","2022-05-05 02:48:22","715","500.51"
"228","8614","2023-02-06 08:48:33","1609","980.39"
"9518","6748","2023-07-09 19:42:33","4581","112.12"
"9087","3917","2022-04-02 10:08:52","7914","946.30"
"8553","8682","2022-10-18 18:57:26","1231","326.71"
"4034","3740","2023-08-14 09:27:39","1940","267.64"
"9970","3145","2022-12-05 10:56:37","605","862.79"
"2274","790","2023-08-16 18:41:58","5025","697.79"
"6895","5440","2023-05-27 17:43:21","8732","314.88"
"3888","5570","2023-09-22 23:19:06","4976","386.44"
"6235","5280","2023-05-05 00:51:44","5242","314.43"
"1664","3973","2022-08-18 02:15:24","8747","253.67"
"4010","4498","2022-11-14 18:22:30","5972","619.77"
"1585","2730","2023-02-12 20:40:07","1974","844.06"
"6439","3258","2021-10-23 23:55:04","9893","206.65"
"6995","6222","2021-11-05 06:44:33","4374","799.01"
"580","2473","2023-01-26 11:52:35","9162","325.62"
"8284","4782","2023-09-29 22:37:22","7970","314.29"
"3171","4037","2022-01-17 04:42:59","217","74.48"
"333","6242","2022-10-02 06:26:40","2751","20.86"
"5804","1501","2023-08-06 09:57:31","5134","78.34"
"6177","968","2022-09-05 23:15:39","7376","723.18"
"8449","1551","2022-11-15 09:42:58","3565","865.43"
"9787","972","2022-06-09 05:22:03","4571","199.21"
"7520","375","2022-10-11 00:34:51","5806","462.08"
"2889","2628","2022-09-03 21:32:21","3256","498.90"
"895","3768","2021-10-23 04:22:06","9376","547.94"
"4571","8594","2022-06-18 19:51:37","6134","217.81"
"1595","2515","2022-02-09 10:53:24","5537","638.45"
"5798","4160","2022-11-03 00:29:29","178","816.19"
"6889","7527","2023-06-10 12:37:21","1213","172.62"
"6691","9197","2021-10-31 02:45:16","5639","644.21"
"9283","7266","2022-12-02 20:59:27","5137","938.03"
"7282","8307","2022-08-17 21:43:23","2235","880.34"
"9106","3375","2022-04-28 16:56:38","903","854.62"
"602","3160","2023-02-01 20:53:21","4922","374.00"
"7015","7148","2022-12-06 07:03:41","169","215.63"
"4403","6579","2022-10-28 09:40:24","5802","921.53"
"687","6444","2023-08-15 04:12:46","6155","453.83"
"9306","9601","2022-12-19 16:56:28","597","733.42"
"3017","7392","2022-04-02 13:25:32","715","136.66"
"452","2384","2023-01-25 03:08:34","4721","409.34"
"7965","6262","2021-12-31 09:11:58","5713","175.39"
"9531","725","2023-06-13 23:18:47","1656","573.44"
"1623","48","2021-11-26 14:15:07","9875","637.37"
"9141","6641","2022-11-12 00:15:16","7745","220.87"
"1211","6763","2023-02-02 23:30:39","5244","219.95"
"7460","3160","2023-04-11 16:03:16","8016","602.44"
"8818","4823","2023-07-22 12:58:15","7138","907.17"
"4770","7649","2023-03-20 01:52:52","9080","579.14"
"3449","6856","2022-09-29 15:12:13","5762","727.51"
"4212","9263","2022-03-16 05:02:25","9616","284.12"
"69","9152","2023-01-01 15:20:29","8812","787.42"
"85","7123","2022-07-05 02:23:43","4944","600.03"
"6934","1500","2021-11-09 23:08:57","6150","793.14"
"299","2847","2022-10-08 00:00:34","9926","10.42"
"7171","2598","2023-08-28 12:06:45","3555","338.00"
"7357","8004","2022-06-19 12:29:55","2483","109.00"
"3741","6579","2023-05-24 04:34:34","4327","74.18"
"2455","1311","2022-07-19 07:50:29","5216","838.99"
"3463","9193","2022-11-08 13:39:34","4897","832.25"
"1103","1658","2022-05-14 07:10:18","6790","684.82"
"1816","6092","2022-08-10 01:28:14","1974","206.80"
"9264","4455","2023-09-27 22:47:58","9383","530.00"
"356","3824","2023-06-13 20:08:20","5366","114.47"
"944","1747","2022-08-29 12:50:21","3831","449.91"
"2211","8919","2022-01-04 08:37:22","6067","545.01"
"6695","4773","2023-06-17 10:25:57","5936","402.75"
"3612","3350","2021-12-02 12:54:34","6949","581.22"
"3823","9064","2021-12-12 16:34:36","4692","860.53"
"7567","9707","2022-12-17 08:30:42","3306","781.73"
"5759","9958","2022-06-04 22:28:08","5593","990.61"
"5170","6374","2022-08-28 14:30:49","6126","325.66"
"9163","4622","2023-04-09 14:12:23","3102","316.32"
"3167","797","2022-06-23 12:13:58","6188","119.89"
"760","5977","2022-01-31 10:18:04","2689","576.54"
"4737","5279","2022-09-01 19:53:09","2800","727.26"
"8855","5773","2022-06-08 02:02:14","1997","25.53"
"2003","4743","2022-07-13 13:14:28","792","178.93"
"270","7454","2022-10-09 10:28:29","1074","313.39"
"3242","5834","2022-07-20 06:03:40","119","440.59"
"972","5645","2022-02-09 16:50:11","6729","168.27"
"7795","8794","2023-03-09 16:27:06","5147","50.17"
"7965","113","2022-04-14 23:00:36","8624","16.16"
"2087","7809","2022-12-25 08:16:19","9293","496.08"
"517","9390","2022-03-22 07:07:24","2721","927.27"
"3130","180","2022-11-01 05:12:34","742","877.64"
"7438","5538","2023-01-25 10:59:42","9990","812.90"
"7332","7950","2023-08-19 09:30:55","7858","463.00"
"5363","6262","2022-10-17 03:19:00","3857","990.83"
"9287","5484","2023-08-17 15:51:40","3183","248.82"
"7158","1734","2023-04-01 20:51:22","4198","631.95"
"6499","2445","2023-05-27 13:35:44","6736","871.46"
"5855","6013","2023-09-02 07:22:48","6539","564.03"
"7497","6012","2022-03-20 14:03:36","1515","506.63"
"9608","6965","2022-04-15 14:56:43","6870","510.34"
"1222","3507","2022-05-27 02:55:28","1402","323.96"
"5330","4802","2023-09-03 12:05:18","2561","387.02"
"7960","1087","2021-10-07 02:16:04","5040","743.88"
"2299","5583","2022-05-29 14:37:15","2226","256.45"
"7388","7893","2023-07-27 19:18:52","6793","297.34"
"6872","7165","2022-10-20 17:18:11","1010","575.05"
"8100","5978","2023-02-14 11:31:28","7189","118.44"
"7149","5592","2023-08-23 10:56:34","7456","157.68"
"539","6525","2022-11-29 11:01:00","5757","50.97"
"8256","6974","2022-03-24 22:51:25","965","488.39"
"8819","3562","2023-03-20 21:04:10","1880","861.80"
"4298","5222","2022-06-25 15:01:22","836","728.90"
"9794","9920","2023-01-21 08:09:59","6660","474.98"
"3654","4812","2022-02-07 15:59:35","4039","373.34"
"5660","3086","2023-09-20 08:16:21","9362","521.63"
"3367","9889","2022-03-15 17:59:48","6246","274.91"
"1564","5041","2022-03-23 09:23:04","475","51.74"
"5108","8067","2022-07-24 08:20:31","4512","385.89"
"1789","5316","2022-08-05 18:27:14","6048","182.97"
"9992","9606","2023-08-19 09:51:28","6302","854.82"
"2239","1246","2022-01-31 20:37:17","1531","403.85"
"6383","9160","2022-07-02 10:34:29","1730","897.03"
"8897","6728","2021-10-20 18:52:12","6753","698.83"
"1725","1315","2023-08-03 20:38:22","5521","684.37"
"7567","2827","2023-02-06 18:46:44","9562","948.87"
"5967","1604","2023-07-15 06:17:10","30","557.28"
"4486","838","2021-11-22 10:25:17","7399","274.82"
"2622","9707","2021-11-28 09:35:50","3947","827.01"
"8471","5772","2023-05-11 12:28:56","5501","653.16"
"7954","9892","2022-12-27 23:07:39","8410","199.97"
"4975","496","2022-06-26 17:01:44","8822","718.41"
"6086","681","2023-09-10 21:02:17","9598","242.57"
"3670","6208","2023-07-10 11:43:31","5533","805.59"
"7312","3346","2022-09-24 20:27:23","6822","995.66"
"7831","3121","2022-02-05 17:48:02","7867","30.70"
"2613","1710","2022-02-08 15:30:53","8508","311.63"
"8656","351","2022-02-06 22:56:54","6189","216.58"
"3692","7488","2021-11-20 01:23:40","1822","138.11"
"9206","1398","2023-01-28 07:41:22","1298","24.79"
"8596","2394","2022-06-01 20:57:19","4810","999.35"
"4556","2142","2023-10-02 06:06:38","8115","253.32"
"6450","7772","2022-07-26 05:28:22","990","929.04"
"1612","779","2022-09-02 10:56:59","555","234.13"
"322","9448","2022-09-19 04:30:32","6203","673.41"
"5790","8055","2022-09-01 14:34:55","5428","900.19"
"9855","7709","2022-09-11 05:25:31","3202","780.43"
"678","3741","2023-07-13 11:44:31","5181","840.65"
"3406","3991","2023-10-01 22:59:25","3093","509.10"
"1449","3589","2023-06-18 23:13:24","5804","918.64"
"3269","3060","2022-09-10 05:10:47","7399","739.18"
"8986","2976","2023-03-26 10:43:48","2037","592.14"
"7096","4975","2022-03-14 09:05:54","2182","133.44"
"790","1752","2023-06-30 08:32:52","2428","874.21"
"1824","3291","2023-07-02 00:54:57","8275","332.73"
"8142","8120","2021-12-23 12:50:52","5939","682.06"
"9356","9987","2022-01-12 00:14:09","9704","265.88"
"3252","3345","2023-09-24 08:58:06","5875","397.06"
"9907","7602","2021-11-06 08:43:58","8858","535.20"
"5328","8038","2023-05-20 02:52:50","1198","896.49"
"8801","2922","2022-03-28 16:30:04","274","713.74"
"9664","4991","2022-05-18 05:43:13","117","954.10"
"9730","409","2023-09-04 11:19:05","7672","21.04"
"5095","1211","2023-09-22 01:10:05","1024","139.90"
"5126","5466","2023-01-17 04:33:08","9967","708.97"
"6621","4747","2023-07-31 02:00:04","424","355.52"
"6875","3116","2022-08-07 13:06:11","863","49.83"
"4897","2485","2023-01-10 17:50:58","196","643.00"
"2912","7415","2023-09-25 13:14:44","9752","239.54"
"6411","8221","2023-03-29 19:42:41","1277","873.44"
"549","5993","2022-12-26 11:57:41","4878","943.45"
"8594","4789","2022-05-05 12:00:51","6190","711.63"
"2878","3421","2022-05-05 16:36:54","6086","877.96"
"3447","8879","2022-09-15 00:53:50","5604","139.74"
"9628","1725","2023-07-13 05:56:09","363","13.86"
"5254","8232","2021-12-17 12:01:31","1491","747.70"
"5071","8883","2023-02-25 22:56:01","9009","759.72"
"8841","3711","2023-02-10 17:01:59","810","793.39"
"3714","567","2022-05-12 22:49:00","1797","656.52"
"9691","6287","2022-09-24 15:42:34","2111","623.05"
"7557","7437","2021-12-31 23:45:50","5395","492.40"
"3201","8583","2022-05-19 19:47:47","4282","317.18"
"7979","5258","2023-08-12 07:18:24","2952","481.03"
"3618","5947","2022-11-26 16:48:57","2934","553.43"
"8421","896","2023-03-12 06:48:02","6201","446.41"
"944","6","2023-09-26 12:19:31","9595","238.08"
"2089","9635","2023-06-28 05:03:27","4720","229.70"
"8140","9760","2023-08-23 22:21:04","5099","835.13"
"3614","2514","2022-02-02 01:59:25","4582","874.74"
"3156","5622","2022-03-13 23:44:37","2212","772.83"
"7052","6376","2022-05-07 23:31:56","3570","547.26"
"6173","7355","2022-08-18 08:07:38","3456","904.98"
"822","7890","2022-12-26 13:51:10","770","699.20"
"250","9780","2022-04-18 11:23:30","2882","104.50"
"4902","6416","2021-12-23 10:13:25","6212","653.32"
"9873","7264","2023-07-06 06:33:32","6303","578.29"
"1597","4627","2022-09-21 06:53:32","1899","248.38"
"5586","6722","2023-09-28 02:43:24","9381","515.70"
"1832","2412","2022-01-18 15:19:23","4193","423.25"
"5589","8213","2022-03-25 22:28:07","3847","908.38"
"8006","6109","2022-02-16 23:10:30","6466","773.78"
"6296","4949","2023-10-04 10:45:52","3720","187.69"
"4462","5178","2021-12-10 12:07:53","1598","237.82"
"962","7531","2022-02-25 20:40:04","8622","720.32"
"3227","9835","2021-10-29 06:38:32","5579","574.59"
"5503","5292","2021-12-10 01:18:41","4956","617.95"
"9650","5743","2023-06-06 18:19:11","7065","110.28"
"9262","6011","2023-06-20 06:01:21","3965","18.14"
"6980","6292","2022-05-18 17:15:58","5275","703.45"
"6778","5349","2021-11-17 08:25:03","1347","105.92"
"859","4951","2023-01-06 22:54:41","4330","938.58"
"3518","3391","2022-01-20 09:35:43","7334","621.46"
"5372","5394","2022-05-20 08:15:02","7117","530.62"
"5156","1203","2022-01-15 04:59:52","3788","827.49"
"758","7294","2023-04-13 11:44:56","7229","828.61"
"9982","9950","2022-04-07 09:45:09","7493","685.83"
"721","343","2022-05-06 08:36:22","6576","233.96"
"9755","8240","2023-08-05 08:08:46","2868","203.19"
"66","3905","2023-01-01 23:18:54","1887","103.32"
"3559","5508","2022-08-16 19:57:05","8646","615.91"
"5157","6360","2022-01-07 22:28:24","8369","501.04"
"4878","591","2023-06-19 14:49:59","2781","155.42"
"7438","6979","2023-05-13 15:07:55","3105","311.62"
"8158","9664","2022-11-09 17:28:21","7434","882.01"
"285","7879","2022-02-01 03:05:05","3390","590.18"
"8559","4186","2023-06-21 00:03:15","2104","456.16"
"69","4666","2022-12-07 18:17:43","4908","695.74"
"882","280","2022-10-23 01:23:17","2092","103.43"
"1960","8501","2022-03-27 01:53:41","3122","846.47"
"7835","9378","2023-08-28 17:58:37","6855","330.35"
"2720","5038","2023-06-07 22:14:24","3561","86.68"
"5558","3491","2022-01-13 00:13:23","4804","120.50"
"2120","1093","2022-11-21 01:59:11","1801","101.26"
"4998","498","2022-09-12 08:17:23","1678","399.88"
"201","3822","2022-02-09 18:21:56","131","974.49"
"9875","2968","2023-09-12 15:17:10","8364","965.12"
"1955","9023","2022-01-25 07:08:11","7763","209.04"
"3559","1944","2022-04-24 12:04:14","4225","773.49"
"9111","7153","2023-09-03 22:20:06","7473","473.98"
"6872","1734","2022-08-25 12:11:18","6423","315.93"
"324","8199","2023-03-16 05:15:14","1120","65.33"
"5397","7137","2021-12-28 08:55:54","749","764.46"
"9965","4561","2022-07-29 02:28:15","9493","220.12"
"691","5201","2023-08-10 05:29:09","9956","587.63"
"6571","994","2022-07-09 01:33:56","8248","679.96"
"9343","4150","2023-07-11 17:41:15","9852","912.42"
"9054","9525","2023-05-08 04:26:30","8832","642.91"
"5095","7129","2022-05-28 13:08:21","7117","907.38"
"4655","3326","2021-10-15 00:49:04","9940","841.65"
"6262","5993","2023-04-19 17:00:02","9966","635.00"
"1673","8251","2023-04-01 19:30:08","6835","165.35"
"5473","5698","2022-07-18 16:35:33","2406","551.45"
"4492","4615","2023-08-21 00:36:16","2488","696.39"
"1713","3766","2023-09-04 12:23:14","4408","724.24"
"774","154","2022-04-08 08:30:04","5927","517.04"
"2515","7982","2022-03-21 18:31:57","3734","511.47"
"7671","4998","2022-08-27 10:30:07","5954","982.11"
"2063","6608","2022-05-04 02:41:29","1407","894.82"
"7749","6795","2023-08-19 12:15:38","4028","544.52"
"4247","3559","2021-12-20 03:09:49","4774","665.71"
"1135","9153","2022-04-11 18:59:13","2707","739.54"
"589","2236","2023-06-10 02:49:35","124","574.94"
"5390","2931","2023-02-27 01:45:11","243","942.07"
"7266","1971","2023-08-29 11:34:01","7166","710.76"
"3689","4515","2022-01-12 01:31:46","9695","771.56"
"8851","5072","2022-10-25 06:45:42","7751","759.41"
"1880","1743","2021-12-02 17:01:00","4034","671.97"
"371","8867","2022-02-20 04:28:44","2321","685.25"
"2578","3986","2022-10-13 05:05:37","6423","215.27"
"1587","2495","2022-06-19 15:52:05","612","144.42"
"9589","3397","2022-08-05 18:44:01","7736","804.69"
"1837","4866","2022-07-18 21:36:57","8842","864.41"
"7356","3692","2022-05-17 11:28:23","7764","30.10"
"5493","6941","2022-01-23 15:58:17","4890","11.47"
"5034","2296","2022-09-02 12:59:46","4167","546.69"
"8467","5105","2022-12-27 04:33:43","7904","632.74"
"2197","1596","2022-12-16 08:50:44","2982","244.41"
"5190","1826","2021-10-08 01:16:12","3225","195.80"
"4365","9873","2023-02-22 20:40:42","7965","612.43"
"3796","9797","2022-06-05 11:38:23","2947","0.31"
"813","8112","2021-12-14 19:58:21","5022","385.62"
"3941","8232","2023-09-24 11:12:58","9101","927.63"
"879","8684","2023-05-21 09:37:23","7000","972.69"
"8441","8320","2023-07-26 02:07:58","1259","292.59"
"2625","6741","2023-08-31 08:24:02","5908","966.43"
"6637","6674","2023-01-02 04:14:20","6830","837.10"
"9704","7799","2022-11-17 15:07:38","585","555.79"
"4630","9413","2023-08-09 23:50:03","8686","101.42"
"4475","3990","2023-03-06 01:04:00","1435","193.04"
"7155","4196","2021-12-09 07:45:33","8363","900.23"
"1379","6961","2022-01-14 12:38:30","9709","951.33"
"7751","9281","2023-10-02 05:24:41","1488","838.72"
"7500","9884","2022-07-22 16:14:25","4095","214.78"
"966","6600","2022-03-22 12:17:18","7074","792.60"
"9177","52","2022-10-30 19:23:15","4052","895.02"
"1461","8596","2021-12-25 23:18:43","3612","265.31"
"6703","3261","2023-04-11 01:23:35","2356","379.64"
"5783","2581","2023-04-29 04:53:55","4520","465.33"
"3260","6768","2023-02-27 03:55:37","2241","643.20"
"5210","5577","2023-09-02 08:53:07","9907","43.72"
"743","2714","2022-12-14 21:17:55","3424","576.38"
"2097","2965","2023-07-06 10:05:27","7903","892.09"
"655","6592","2022-01-15 19:52:57","1016","396.37"
"62","6606","2022-11-17 21:53:58","8859","147.05"
"7924","889","2022-10-16 08:03:03","2251","295.75"
"993","1371","2022-03-07 06:44:01","9636","16.43"
"1890","5528","2022-04-04 18:28:15","5475","786.83"
"3780","6413","2023-07-07 23:36:17","1161","770.73"
"28","3228","2022-03-29 19:10:37","5060","982.17"
"9799","6439","2022-08-04 03:46:29","2844","1.17"
"9787","1559","2021-11-29 17:52:53","3358","654.09"
"8204","9584","2023-05-31 22:05:33","7807","885.15"
"4250","321","2022-05-02 14:16:19","983","65.07"
"9272","5749","2023-09-08 20:54:59","3044","328.99"
"2703","4508","2023-03-22 16:00:53","7184","723.42"
"2027","3637","2022-01-21 03:18:09","1366","477.50"
"2357","3203","2022-07-04 01:22:39","4041","4.29"
"605","7183","2022-04-24 13:31:38","5872","916.45"
"6579","5586","2022-07-23 22:07:29","5770","538.47"
"3223","774","2021-11-07 22:36:27","4565","529.97"
"4978","6278","2022-04-13 17:50:44","400","284.26"
"4983","4323","2021-10-19 07:57:04","5687","195.58"
"5358","9846","2022-03-26 20:56:12","8308","340.82"
"5159","8533","2023-05-07 23:21:10","3416","945.36"
"5645","8867","2022-07-25 21:58:12","5250","566.43"
"8778","1733","2022-05-09 05:25:13","1400","572.87"
"8940","1364","2022-04-21 14:12:13","3485","214.58"
"260","5583","2022-11-03 02:05:19","9","257.19"
"3984","6345","2023-03-04 13:34:22","3782","400.95"
"8831","9283","2023-08-21 06:05:46","4399","508.90"
"9462","6355","2022-04-09 09:31:44","7547","742.60"
"3566","3730","2022-08-29 00:54:24","1056","141.52"
"7033","1885","2021-12-31 06:18:46","3479","123.38"
"6034","1282","2022-11-16 19:45:02","4090","438.34"
"1293","3458","2023-09-04 17:31:05","7857","319.50"
"9628","5010","2023-03-04 09:32:23","2821","308.79"
"8629","5659","2023-01-21 03:09:33","3711","629.58"
"8324","2624","2022-10-24 15:17:51","1221","375.79"
"6835","4174","2022-02-18 03:33:39","58","740.19"
"526","5643","2023-07-08 04:15:47","9172","769.71"
"3302","808","2022-07-19 01:58:53","6377","458.95"
"2298","5387","2022-01-29 04:31:12","1987","514.56"
"1704","5139","2023-01-01 18:19:50","2318","684.45"
"2658","9241","2021-11-17 16:20:40","1817","371.53"
"4172","7257","2022-02-12 10:51:10","7013","388.87"
"3065","7940","2023-04-02 10:08:49","2141","778.59"
"8230","542","2022-03-16 23:48:26","2693","156.76"
"8594","6607","2021-11-01 13:31:34","9684","522.42"
"9547","2765","2023-07-26 20:08:24","7562","195.99"
"3671","8814","2023-02-13 06:50:39","9989","652.98"
"9948","7283","2022-11-17 20:11:53","1777","664.57"
"9219","5226","2022-07-31 14:30:02","7469","127.77"
"2891","3510","2023-05-03 10:57:35","2830","152.98"
"2987","9583","2023-02-19 13:28:11","9124","733.86"
"7697","2946","2021-11-08 11:14:42","8672","448.10"
"8054","4530","2022-09-01 02:32:24","647","470.87"
"7894","9498","2022-11-20 12:27:34","5513","768.49"
"624","1178","2021-12-11 19:20:58","3739","334.58"
"2865","8901","2022-08-15 10:07:42","3736","381.05"
"215","2951","2022-06-01 03:39:33","6589","702.59"
"2020","5012","2022-01-25 19:20:18","6275","677.59"
"2779","4091","2023-08-24 20:51:39","5632","592.96"
"6262","5464","2023-06-12 23:55:42","5352","862.71"
"4979","6277","2022-03-05 12:52:00","411","873.40"
"146","4790","2023-01-26 08:34:55","10","93.85"
"5930","5745","2023-06-07 16:35:10","1379","894.02"
"971","1130","2023-08-31 17:46:26","9025","519.42"
"5645","9513","2023-09-08 12:53:05","4030","906.85"
"7008","6512","2023-03-22 07:01:46","6302","718.07"
"4268","1862","2022-07-10 13:12:03","1214","758.66"
"1657","8751","2023-02-01 17:04:20","9","266.50"
"942","9987","2022-02-04 22:42:22","5800","274.97"
"5123","4889","2023-02-23 16:14:40","1658","527.07"
"7072","4388","2022-07-18 11:46:38","3187","53.98"
"1892","3372","2023-06-12 00:37:12","6276","420.69"
"6107","7506","2022-02-19 23:48:37","9484","643.84"
"5645","9948","2022-06-04 11:04:50","6157","999.61"
"6187","3361","2021-11-01 16:03:48","3416","758.38"
"4091","8045","2023-05-13 04:01:43","7810","312.24"
"5194","2109","2023-06-01 09:22:22","686","998.62"
"6150","7611","2023-08-12 10:55:46","660","475.46"
"7080","8556","2021-11-23 21:20:41","6875","743.06"
"4810","9971","2023-07-13 00:21:35","7333","997.65"
"5735","9908","2023-06-25 03:19:24","2088","549.72"
"8483","3356","2022-05-31 07:07:17","1394","724.12"
"5888","8400","2023-04-04 07:44:53","7822","908.92"
"6870","3293","2022-05-01 01:38:40","152","950.55"
"1619","3147","2021-12-13 13:35:10","8911","606.94"
"4028","2067","2023-07-27 14:46:03","9137","158.33"
"8512","6752","2023-07-04 16:10:21","2654","604.41"
"37","7406","2022-05-21 20:03:13","4526","506.09"
"693","3231","2023-01-19 15:37:50","28","213.86"
"6671","5174","2021-12-27 16:48:20","1649","351.22"
"8726","3857","2023-04-05 01:12:42","7960","899.16"
"9255","8409","2022-04-02 15:50:46","8340","548.67"
"1791","9275","2021-10-04 20:26:51","6698","154.80"
"769","6089","2022-02-23 12:57:00","1619","358.05"
"8980","3868","2022-12-23 08:26:12","3666","511.01"
"5263","8189","2022-08-03 21:59:04","6617","755.02"
"7345","1525","2022-11-30 12:57:50","5592","265.07"
"6671","2826","2022-07-08 14:57:05","7644","735.99"
"212","9470","2022-03-24 12:49:58","8909","131.92"
"6827","7226","2022-04-09 10:43:54","4934","991.07"
"959","258","2023-08-28 05:42:56","2551","72.36"
"2406","649","2022-03-12 14:20:28","2698","803.12"
